Frecuencia;swr
5;3.691596447
10;3.726160658
15;5.221146035
20;6.981429129
25;11.77408085
30;15.34991153
35;16.4805517
40;17.006773
45;17.88605383
50;18.194912
55;17.10198876
60;16.76553027
65;15.35092236
70;13.9944176
75;13.76991783
80;12.7833061
85;8.30503539
90;6.299547708
95;6.427000535
100;6.584645363
105;6.76640801
110;6.974492958
115;5.204448547
120;5.437894624
;
